id,title,source_id,locator,grade_min,grade_max,grade_basis,subject,lane,rating,rating_framework,outcome,population,implementation,monitor,limitations,exact_profile_diagnosis_effect,source_url,source_year,source_checked,essa_tier,essa_basis,wwc_intervention_id,protocol,protocol_version,num_studies_meeting,snapshot,source_discrepancy
literacy-engagement,Build engagement in reading,pg8,Recommendation 4,5,12,Guide target grades,literacy,support,Moderate,WWC practice-guide recommendation evidence,Adolescent literacy,Students in grades 5–12; literacy instruction,Review the guide with the teacher; plan meaningful reading choices and engagement supports without lowering text challenge.,Reading engagement alongside an appropriate reading outcome.,Evidence concerns literacy; it does not establish treatment of general distress or ADHD.,Not established in this curated record,https://ies.ed.gov/ncee/wwc/PracticeGuide/8,2008,2026-09-13,,,,,,,,
math-reflection,Make mathematical thinking visible,pg16,Recommendation 2,4,8,Guide target grades,math,support,Strong,WWC practice-guide recommendation evidence,Mathematical problem solving,Students in grades 4–8,Teach monitoring and reflection during problem solving; preserve the complexity of appropriately challenging problems.,"Independent explanations, error checking, and transfer to new problems.",General instructional evidence; no established P1/P2 or diagnosis-specific effect.,Not established in this curated record,https://ies.ed.gov/ncee/wwc/PracticeGuide/16,2012; revised 2018,2026-09-13,,,,,,,,
math-strategies,Compare mathematical strategies,pg16,Recommendation 4,4,8,Guide target grades,math,support,Moderate,WWC practice-guide recommendation evidence,Mathematical problem solving,Students in grades 4–8,Plan teacher-guided comparison of approaches to the same problem.,Flexible strategy use and explanations on new problems.,"This is a guide recommendation, not an evaluated AchieveGo-generated lesson.",Not established in this curated record,https://ies.ed.gov/ncee/wwc/PracticeGuide/16,2012; revised 2018,2026-09-13,,,,,,,,
dropout-monitor,Review attendance and progress indicators,pg24,Recommendation 1,6,12,Guide target grades,any,support,Minimal,WWC practice-guide recommendation evidence,Identifying and responding to risk of dropout,Secondary students; school monitoring systems,"Agree who reviews attendance, behavior, and academic indicators and how concerns trigger coordinated support.","Attendance and progress, with an agreed review date.",Minimal is the source evidence level. Monitoring alone is not proof of improved completion; low motivation alone is not dropout risk.,Not established in this curated record,https://ies.ed.gov/ncee/wwc/PracticeGuide/24,2017,2026-09-13,,,,,,,,
dropout-support,Coordinate individualized school support,pg24,Recommendation 2,6,12,Guide target grades,any,support,Moderate,WWC practice-guide recommendation evidence,Dropout prevention,Students identified as off track for graduation,School team reviews intensive individualized support described in the guide; confirm staffing and delivery requirements.,"Attendance, course progress, and the learner’s experience of support.",Not a mental-health treatment recommendation or a validated profile-specific assignment.,Not established in this curated record,https://ies.ed.gov/ncee/wwc/PracticeGuide/24,2017,2026-09-13,,,,,,,,
reading-decoding,Target the documented decoding difficulty,pg29,Recommendation 1,4,9,Guide target grades,literacy,support,Strong,WWC practice-guide recommendation evidence,Reading intervention: decoding,Students requiring reading intervention in grades 4–9,A qualified educator reviews explicit instruction for decoding complex words; maintain access to advanced ideas through suitable supports.,Word reading and transfer to connected text.,A diagnostic label alone does not specify the decoding need or establish benefit for a gifted subgroup.,Not established in this curated record,https://ies.ed.gov/ncee/wwc/PracticeGuide/29,2022,2026-09-13,,,,,,,,
reading-comprehension,Teach a routine for understanding text,pg29,Recommendation 3,4,9,Guide target grades,literacy,support,Strong,WWC practice-guide recommendation evidence,Reading intervention: comprehension,Students requiring reading intervention in grades 4–9,Review the guide’s comprehension practices and select instruction informed by assessment.,"Comprehension on new texts, with assistance conditions recorded.",The guide’s evidence level does not validate AI-created instructional materials.,Not established in this curated record,https://ies.ed.gov/ncee/wwc/PracticeGuide/29,2022,2026-09-13,,,,,,,,
cc-stay,Check & Connect · staying in school,cc,"Dropout Prevention, protocol 3.0; Staying in School",9,12,Outcome-specific grades from the evidence snapshot,any,support,Positive Effects,WWC intervention-report effectiveness,Staying in School,"High school students with learning, behavioral, or emotional disabilities in the reviewed evidence","A sustained program of mentoring, monitoring, and coordinated support. Confirm program training, staffing, and fidelity requirements; a brief check-in is not the studied program.","Track the stated outcome; keep graduation, school retention, and course progression distinct.","No validated effect for AchieveGo profiles, giftedness, or each diagnostic subgroup. Sample overlap requires team review. No discernible effects does not prove equivalence or benefit.",Not established in this curated record,https://ies.ed.gov/ncee/wwc/EvidenceSnapshot/78,2015,2026-09-13,Tier 3,Outcome table on EvidenceSnapshot/78; a separate framework from effectiveness,312,Dropout Prevention,3.0,2,20260913T203009Z-4af307708b,
cc-progress,Check & Connect · progressing in school,cc,"Dropout Prevention, protocol 3.0; Progressing in school",9,9,Outcome-specific grades from the evidence snapshot,any,support,Potentially Positive Effects,WWC intervention-report effectiveness,Progressing in school,"High school students with learning, behavioral, or emotional disabilities in the reviewed evidence","A sustained program of mentoring, monitoring, and coordinated support. Confirm program training, staffing, and fidelity requirements; a brief check-in is not the studied program.","Track the stated outcome; keep graduation, school retention, and course progression distinct.","No validated effect for AchieveGo profiles, giftedness, or each diagnostic subgroup. Sample overlap requires team review. No discernible effects does not prove equivalence or benefit.",Not established in this curated record,https://ies.ed.gov/ncee/wwc/EvidenceSnapshot/78,2015,2026-09-13,Tier 3,Outcome table on EvidenceSnapshot/78; a separate framework from effectiveness,312,Dropout Prevention,3.0,1,20260913T203009Z-4af307708b,Bulk report flags grades 9–12; snapshot outcome table lists grade 9. Conservative grade-9 gate used; expert reconciliation pending.
cc-complete,Check & Connect · completing school,cc,"Dropout Prevention, protocol 3.0; Completing school",9,12,Outcome-specific grades from the evidence snapshot,any,support,No Discernible Effects,WWC intervention-report effectiveness,Completing school,"High school students with learning, behavioral, or emotional disabilities in the reviewed evidence","A sustained program of mentoring, monitoring, and coordinated support. Confirm program training, staffing, and fidelity requirements; a brief check-in is not the studied program.","Track the stated outcome; keep graduation, school retention, and course progression distinct.","No validated effect for AchieveGo profiles, giftedness, or each diagnostic subgroup. Sample overlap requires team review. No discernible effects does not prove equivalence or benefit.",Not established in this curated record,https://ies.ed.gov/ncee/wwc/EvidenceSnapshot/78,2015,2026-09-13,,Outcome table on EvidenceSnapshot/78; a separate framework from effectiveness,312,Dropout Prevention,3.0,1,20260913T203009Z-4af307708b,
enrichment,Review an enrichment opportunity,kim,Research synthesis; program selection still required,1,12,Prototype browsing range 1–12; not verified coverage of every grade in the synthesis. Review program- and age-specific evidence before use,any,opportunity,Positive pooled academic and socioemotional findings,External synthesis; no WWC rating,Academic achievement and socioemotional development,Gifted students in varied enrichment programs,"Identify a suitable enrichment opportunity with the learner and check readiness, access, and program evidence.","Domain growth, engagement, and learner-defined goals.","Synthesis-level evidence is not evidence for any specific local project or AI-generated enrichment. Applicability by age, diagnosis, and program requires review; not a treatment for distress.",Not established in this curated record,https://doi.org/10.1177/0016986216630607,2016,2026-09-13,,,,,,,,
acceleration,Review subject acceleration,accel,Acceleration findings of the second-order meta-analysis,1,12,Review scope; inspect individual studies,any,opportunity,Academic benefits reported for acceleration,External synthesis; no WWC rating,Academic achievement,K–12; acceleration evidence for advanced learners,"A school team considers domain readiness, learner preference, and appropriate placement; this card does not authorize a placement change.","Domain mastery, transition experience, and sustained access to supports.",Readiness for enrichment does not establish readiness for acceleration. Effects depend on comparison group and implementation; no validated profile-by-diagnosis allocation rule.,Not established in this curated record,https://doi.org/10.3102/0034654316675417,2016,2026-09-13,,,,,,,,
