id,evidence_id,needs_any,status,rationale
map-literacy-engagement,literacy-engagement,"[""reading_engagement""]",Proposed; not validated,Consider because the learner has a confirmed goal concerning engagement in reading. Grade and subject must also fit. Profile and diagnosis do not establish a differential treatment effect.
map-math-reflection,math-reflection,"[""math_reflection""]",Proposed; not validated,Consider because the learner has a confirmed goal concerning monitoring and explaining mathematical thinking. Grade and subject must also fit. Profile and diagnosis do not establish a differential treatment effect.
map-math-strategies,math-strategies,"[""math_strategies""]",Proposed; not validated,Consider because the learner has a confirmed goal concerning flexibility in mathematical strategies. Grade and subject must also fit. Profile and diagnosis do not establish a differential treatment effect.
map-dropout-monitor,dropout-monitor,"[""offtrack""]",Proposed; not validated,Consider because the learner has a confirmed goal concerning attendance or progress concerns confirmed. Grade and subject must also fit. Profile and diagnosis do not establish a differential treatment effect.
map-dropout-support,dropout-support,"[""offtrack""]",Proposed; not validated,Consider because the learner has a confirmed goal concerning attendance or progress concerns confirmed. Grade and subject must also fit. Profile and diagnosis do not establish a differential treatment effect.
map-reading-decoding,reading-decoding,"[""decoding""]",Proposed; not validated,Consider because the learner has a confirmed goal concerning difficulty decoding longer words. Grade and subject must also fit. Profile and diagnosis do not establish a differential treatment effect.
map-reading-comprehension,reading-comprehension,"[""comprehension""]",Proposed; not validated,Consider because the learner has a confirmed goal concerning reading comprehension difficulty. Grade and subject must also fit. Profile and diagnosis do not establish a differential treatment effect.
map-cc-stay,cc-stay,"[""offtrack""]",Proposed; not validated,Consider because the learner has a confirmed goal concerning attendance or progress concerns confirmed. Grade and subject must also fit. Profile and diagnosis do not establish a differential treatment effect.
map-cc-progress,cc-progress,"[""offtrack""]",Proposed; not validated,Consider because the learner has a confirmed goal concerning attendance or progress concerns confirmed. Grade and subject must also fit. Profile and diagnosis do not establish a differential treatment effect.
map-cc-complete,cc-complete,"[""offtrack""]",Proposed; not validated,Consider because the learner has a confirmed goal concerning attendance or progress concerns confirmed. Grade and subject must also fit. Profile and diagnosis do not establish a differential treatment effect.
map-enrichment,enrichment,"[""advanced""]",Proposed; not validated,Consider because the learner has a confirmed goal concerning readiness and interest for greater challenge. Grade and subject must also fit. Profile and diagnosis do not establish a differential treatment effect.
map-acceleration,acceleration,"[""advanced""]",Proposed; not validated,Consider because the learner has a confirmed goal concerning readiness and interest for greater challenge. Grade and subject must also fit. Profile and diagnosis do not establish a differential treatment effect.
