publication_id,title,doi,source_url,intervention,comparison,publication_type,synthesis_method,review_status,appraisal,access_basis,checked,limitations,id,outcome,population,timepoint,direction,summary,locator,effect,recommendation_status
kim-2016,"Kim (2016), A Meta-Analysis of the Effects of Enrichment Programs on Gifted Students",10.1177/0016986216630607,https://doi.org/10.1177/0016986216630607,Varied enrichment programs,Comparators vary across studies,meta_analysis,pairwise_meta_analysis,extraction_pending,"{""status"": ""not_appraised"", ""tool"": null, ""judgement"": null, ""reviewer"": null}",publisher_abstract,2026-09-22,Program and grade differences matter; pooled findings do not validate a local program or a profile-specific intervention.,kim-academic,Academic achievement,Gifted students,Varied across included studies,positive,Pooled academic benefit reported.,Abstract,"{""metric"": ""Hedges g"", ""estimate"": 0.96, ""ci_lower"": 0.64, ""ci_upper"": 1.3, ""ci_level"": 0.95, ""missing_reason"": null}",context_only
kim-2016,"Kim (2016), A Meta-Analysis of the Effects of Enrichment Programs on Gifted Students",10.1177/0016986216630607,https://doi.org/10.1177/0016986216630607,Varied enrichment programs,Comparators vary across studies,meta_analysis,pairwise_meta_analysis,extraction_pending,"{""status"": ""not_appraised"", ""tool"": null, ""judgement"": null, ""reviewer"": null}",publisher_abstract,2026-09-22,Program and grade differences matter; pooled findings do not validate a local program or a profile-specific intervention.,kim-socioemotional,Socioemotional development,Gifted students,Varied across included studies,positive,Pooled socioemotional benefit reported; not evidence of treatment for distress.,Abstract,"{""metric"": ""Hedges g"", ""estimate"": 0.55, ""ci_lower"": 0.32, ""ci_upper"": 0.79, ""ci_level"": 0.95, ""missing_reason"": null}",context_only
steenbergen-hu-2016,"Steenbergen-Hu, Makel, & Olszewski-Kubilius (2016), What One Hundred Years of Research Says About the Effects of Ability Grouping and Acceleration on K–12 Students’ Academic Achievement",10.3102/0034654316675417,https://doi.org/10.3102/0034654316675417,Academic acceleration,"Same-age or older nonaccelerated peers, analyzed separately",meta_analysis,second_order_meta_analysis,extraction_pending,"{""status"": ""not_appraised"", ""tool"": null, ""judgement"": null, ""reviewer"": null}",publisher_abstract,2026-09-22,Second-order synthesis can reuse studies; comparison groups must remain separate.,accel-same-age,Academic achievement,Accelerated learners versus same-age peers,Varied across syntheses,positive,Acceleration favored over same-age comparison.,Abstract,"{""metric"": ""Hedges g"", ""estimate"": 0.7, ""ci_lower"": null, ""ci_upper"": null, ""ci_level"": null, ""missing_reason"": ""Numerical estimate or interval not extracted; consult the source.""}",context_only
steenbergen-hu-2016,"Steenbergen-Hu, Makel, & Olszewski-Kubilius (2016), What One Hundred Years of Research Says About the Effects of Ability Grouping and Acceleration on K–12 Students’ Academic Achievement",10.3102/0034654316675417,https://doi.org/10.3102/0034654316675417,Academic acceleration,"Same-age or older nonaccelerated peers, analyzed separately",meta_analysis,second_order_meta_analysis,extraction_pending,"{""status"": ""not_appraised"", ""tool"": null, ""judgement"": null, ""reviewer"": null}",publisher_abstract,2026-09-22,Second-order synthesis can reuse studies; comparison groups must remain separate.,accel-older,Academic achievement,Accelerated learners versus older peers,Varied across syntheses,no_clear_effect,Difference from older nonaccelerated peers was not statistically significant.,Abstract,"{""metric"": ""Hedges g"", ""estimate"": 0.09, ""ci_lower"": null, ""ci_upper"": null, ""ci_level"": null, ""missing_reason"": ""Numerical estimate or interval not extracted; consult the source.""}",context_only
dietrichson-2020,"Targeted school-based interventions for improving reading and mathematics for students with, or at risk of, academic difficulties in Grades 7–12: A systematic review",10.1002/cl2.1081,https://onlinelibrary.wiley.com/doi/10.1002/cl2.1081,Targeted school-based instruction,Study-specific control instruction,systematic_review,pairwise_meta_analysis,extraction_pending,"{""status"": ""not_appraised"", ""tool"": null, ""judgement"": null, ""reviewer"": null}",full_text_sections,2026-09-22,Mixed randomized and quasi-experimental evidence; substantial heterogeneity and limited follow-up. Components were not isolated experimentally.,dietrichson-short,Reading and mathematics achievement,Grades 7–12 with academic difficulties or risk,End of intervention,positive,Average short-run benefit with substantial variation across interventions.,Abstract; section 6.2,"{""metric"": ""Standardized effect size"", ""estimate"": 0.22, ""ci_lower"": 0.148, ""ci_upper"": 0.284, ""ci_level"": 0.95, ""missing_reason"": null}",context_only
dietrichson-2020,"Targeted school-based interventions for improving reading and mathematics for students with, or at risk of, academic difficulties in Grades 7–12: A systematic review",10.1002/cl2.1081,https://onlinelibrary.wiley.com/doi/10.1002/cl2.1081,Targeted school-based instruction,Study-specific control instruction,systematic_review,pairwise_meta_analysis,extraction_pending,"{""status"": ""not_appraised"", ""tool"": null, ""judgement"": null, ""reviewer"": null}",full_text_sections,2026-09-22,Mixed randomized and quasi-experimental evidence; substantial heterogeneity and limited follow-up. Components were not isolated experimentally.,dietrichson-followup,Reading and mathematics achievement,Grades 7–12; seven studies with follow-up,More than three months after intervention,no_clear_effect,Follow-up estimate was uncertain; this does not prove no lasting benefit.,Abstract; section 7.1,"{""metric"": ""Standardized effect size"", ""estimate"": 0.05, ""ci_lower"": -0.096, ""ci_upper"": 0.192, ""ci_level"": 0.95, ""missing_reason"": null}",context_only
yegencik-2025,School-based randomized controlled trials for ADHD and accompanying impairments: a systematic review and meta-analysis,10.3389/fpsyg.2025.1611145,https://www.frontiersin.org/journals/psychology/articles/10.3389/fpsyg.2025.1611145/full,Child-focused school interventions,Trial-specific control conditions,systematic_review,pairwise_meta_analysis,extraction_pending,"{""status"": ""not_appraised"", ""tool"": null, ""judgement"": null, ""reviewer"": null}",full_text_sections,2026-09-22,Mostly primary-school studies; heterogeneous interventions and reporter effects limit transfer to secondary or twice-exceptional learners.,adhd-academic,Academic skills,School-age children with ADHD,Post-intervention,positive,Pooled academic skills benefit; primary-school effects exceeded secondary-school effects.,Results: Academic skills,"{""metric"": ""Cohen d"", ""estimate"": 0.37, ""ci_lower"": 0.23, ""ci_upper"": 0.5, ""ci_level"": 0.95, ""missing_reason"": null}",context_only
yegencik-2025,School-based randomized controlled trials for ADHD and accompanying impairments: a systematic review and meta-analysis,10.3389/fpsyg.2025.1611145,https://www.frontiersin.org/journals/psychology/articles/10.3389/fpsyg.2025.1611145/full,Child-focused school interventions,Trial-specific control conditions,systematic_review,pairwise_meta_analysis,extraction_pending,"{""status"": ""not_appraised"", ""tool"": null, ""judgement"": null, ""reviewer"": null}",full_text_sections,2026-09-22,Mostly primary-school studies; heterogeneous interventions and reporter effects limit transfer to secondary or twice-exceptional learners.,adhd-hyperactivity,Hyperactivity/impulsivity,School-age children with ADHD,Post-intervention,no_clear_effect,Pooled hyperactivity/impulsivity effect was not statistically significant.,Results: Hyperactivity/Impulsivity,"{""metric"": ""Cohen d"", ""estimate"": -0.09, ""ci_lower"": -0.22, ""ci_upper"": 0.05, ""ci_level"": 0.95, ""missing_reason"": null}",context_only
yeager-2019,A national experiment reveals where a growth mindset improves achievement,10.1038/s41586-019-1466-y,https://www.gregorywalton.com/uploads/4/9/4/4/49448111/yeageretal2019nature.pdf,Brief online growth-mindset intervention,Randomized control condition,randomized_controlled_trial,none,extraction_pending,"{""status"": ""not_appraised"", ""tool"": null, ""judgement"": null, ""reviewer"": null}",full_text_sections,2026-09-22,Achievement subgroup and school context matter; higher achievement is not equivalent to gifted identification.,yeager-lower,Core-course GPA,Ninth graders below their school achievement median,Ninth-grade follow-up,positive,Grades improved in the lower-achieving subgroup; school context moderated effects.,Abstract,"{""metric"": null, ""estimate"": null, ""ci_lower"": null, ""ci_upper"": null, ""ci_level"": null, ""missing_reason"": ""Numerical estimate or interval not extracted; consult the source.""}",context_only
yeager-2019,A national experiment reveals where a growth mindset improves achievement,10.1038/s41586-019-1466-y,https://www.gregorywalton.com/uploads/4/9/4/4/49448111/yeageretal2019nature.pdf,Brief online growth-mindset intervention,Randomized control condition,randomized_controlled_trial,none,extraction_pending,"{""status"": ""not_appraised"", ""tool"": null, ""judgement"": null, ""reviewer"": null}",full_text_sections,2026-09-22,Achievement subgroup and school context matter; higher achievement is not equivalent to gifted identification.,yeager-higher,Core-course GPA,Higher-achieving ninth graders,Ninth-grade follow-up,no_clear_effect,No statistically significant GPA effect in the higher-achieving subgroup.,Extended Data Table 1,"{""metric"": ""GPA points"", ""estimate"": 0.01, ""ci_lower"": -0.03, ""ci_upper"": 0.06, ""ci_level"": 0.95, ""missing_reason"": null}",context_only
